{
  "stepSize_m": 60,
  "batteryCapacity_Wh": 20480,
  "minSoc_percent": 20,
  "maxSoc_percent": 100,
  "initialSoc_percent": 20,
  "maxChargePower_W": 3600,
  "maxDischargePower_W": 4000,
  "maxGridImport_W": 2500,
  "maxGridExport_W": 5000,
  "chargeEfficiency_percent": 95,
  "dischargeEfficiency_percent": 95,
  "batteryCost_cent_per_kWh": 2,
  "terminalSocValuation": "zero",
  "terminalSocCustomPrice_cents_per_kWh": 0,

  "load_W_txt": "280,250,360,420,1230,190,190,490,490,360,670,1750,340,640,360,880,650,900,540,500,480,480,480,290",
  "pv_W_txt": "0,0,0,0,0,0,0,0,40,120,480,700,920,910,940,670,520,290,60,0,0,0,0,0",
  "importPrice_txt": "22.258065600000002,21.642862800000003,21.0892884,21.10875,20.760603600000003,20.515171200000005,22.302394800000002,23.395488,23.527394400000006,29.488050000000005,27.600274800000005,24.1653024,23.696061600000004,23.5122576,22.264552800000004,22.5337716,21.789906000000002,22.3391556,29.704290000000004,44.90920560000001,33.8550168,28.9160952,25.5719436,23.5284756",
  "exportPrice_txt": "6.45074,5.893119999999999,5.391359999999999,5.409,5.09344,4.870979999999999,6.49092,7.481700000000001,7.60126,13.004,11.292919999999999,8.179459999999999,7.754140000000001,7.58754,6.456619999999999,6.700640000000001,6.0264,6.524239999999999,13.200000000000001,26.98174,16.96222,12.48558,9.45444,7.602239999999999"
}
